,heading,date,source
0,"[<p class=""wp-caption-text"" id=""caption-attachment-460086"">मानसा में बुधवार को हुई बारिश के बाद जलमग्न हुआ बस स्टैंड चौक का दृश्य। -निस</p>, <p style=""text-align: justify;"">बुढलाडा, 29 अगस्त (निस)। आज इंद्र देवता मानसा में दूसरी बार मेहरबान हुए और जमकर बारिश हुई। बारिश ने शहर को पूरी तरह जलमग्न कर दिया। मौसम में आई अचानक तबदीली ने मौसम में ठंडक तो की, लेकिन लोगों के लिए समस्याएं भी पैदा कर दी। एक ओर जहां लोगों ने बारिश का मजा लिया, वहीं शहर की गलियों में जगह-जगह पर पानी भर गया और लोग अपने घरों से पानी निकालते देखे गए। आज सुबह से ही थोड़ी रूक-रूक बारिश हो रही थी और दोपहर के बाद एक दम झमाझम बारिश हुई। बारिश के कारण पूरा शहर जलमग्न हो गया।<br/>
शहर के बस स्टैंड चौक, रामबाग रोड, लिंक रोड, कचहरी रोड, सिनेमा रोड, वीर नगर मोहल्ला, गौशाला रोड, अस्पताल रोड, वाटर वक्र्स रोड व जवाहरके रोड समेत गलियों-मोहल्लों में दिन भर पानी जमा रहा। शहर के निचले क्षेत्रों की गलियां तथा सड़कें बारिश के पानी में घिर गयीं। पानी निकासी का प्रबंध न होने कारण लोगों ने काफी मुश्किलें भी झेलीं। सड़कों पर जमा पानी में से गुजरने वाले वाहन भी बीच में बंद हो गये।<br/>
कई-कई जगह पानी अधिक होने के कारण लोग वाहनों को धक्के लगाते भी नजर आए।<br/>
शहर के वीर नगर मोहल्ला, लल्लुआना रोड समेत सिनेमा रोड पर भारी मात्रा में पानी जमा होने के कारण दुकानदारों को अनेक समस्याओं से दो-चार होना पड़ा। बारिश का पानी कई दुकानों के अंदर भी घुस गया।<br/>
शहर के अन्य क्षेत्रों के अलावा वार्ड नंबर 1, 10 व 8  के लोगों को काफी परेशानी हुई, क्योंकि पानी निकासी के अभाव में जहां सड़कों पर हमेशा पानी जमा रहता है, ऐसे में कई घंटे हुई बारिश के कारण पानी का जमाव और अधिक हो गया। इसके अलावा वार्ड नंबर नौ में भी कई घरों में पानी जमा होने के समाचार मिले हैं।<br/>
दूसरी ओर बारिश के चलते थ्री व्हीलर व रिक्शा चालकों ने खूब लाभ कमाया। जबकि रेहड़ी चालक बारिश के चलते काफी परेशान रहे।<br/>
ऐसा ही हाल था कचहरी रोड व बस स्टैंड चौक का था जहां अधिक मात्रा में पानी जमा होने के कारण आने जाने में लोगों काफी दिक्कतें पेश आयीं। इसके अलावा रामबाग रोड की तथा शहर का अंडर ब्रिज पानी समेत अन्य निचले इलाकों में पानी जमा होने के कारण लोगों को काफी दिक्कतें पेश आयीं। देर सांय तक सड़कों पर पानी भरा रहा जिसके कारण राहगीरों को समस्याएं आयीं।</p>]","[<span class=""clock""> Posted On August - 29 - 2012</span>]",Dainik Tribune
1,"[<p style=""text-align: justify;"">होशियारपुर, 31 जुलाई (निस)। गांव सकरूली में बीती रात तेज बारिश होने से एक गरीब परिवार के मकान की छत गिर गई। संयोगवश जानी नुकसान होने से बच गया, लेकिन मकान को काफी क्षति पहुंची है। मिली जानकारी के अनुसार पीडि़त राम किशोर बीती रात अपने परिवार सहित मकान में सोया पड़ा था। जब रात करीब 2 बजे तेज रफ्तार बारिश आई तो अचानक मकान की छत गिर गई। संयोग वश मकान की छत दूसरी ओर गिरने से मकान के अंदर सोए सभी सदस्य बाल—बाल बच गए, लेकिन घर के अंदर पड़ा कीमती सामान छत के मलवे से दब गया।</p>]","[<span class=""clock""> Posted On August - 1 - 2010</span>]",Dainik Tribune
2,"[<p style=""text-align: justify;""><strong>ट्रिब्यून  न्यूज सर्विस<br/>
</strong></p>, <p class=""wp-caption-text"" id=""caption-attachment-158237"">शनिवार को भाखड़ा बांध  के फ्लड गेट खोल दिये गये जिससे  गांव बुर्ज में पानी भर गया।    -दैनिक ट्रिब्यून/मनोज महाजन</p>, <p>नयी दिल्ली, चंडीगढ़, 21 अगस्त। पिछले कुछ घंटों से भारी बारिश, नदी-नालों में बाढ़, बांधों से ज्यादा पानी छोड़े जाने के कारण उत्तर भारत में जगह-जगह जनजीवन अस्त-व्यस्त हो गया है। दिल्ली, पंजाब, हरियाणा, हिमाचल, चंडीगढ़, उत्तराखंड, जम्मू-कश्मीर व राजस्थान व उत्तर प्रदेश में अनेक स्थानों पर बारिश, बाढ़ का पानी भरने से लोगों की मुश्किलें बढ़ गयी हैं और कई जगह अलर्ट किया गया है। भाखड़ा बांध से ज्यादा पानी छोडऩे से सतलुज और यमुना में जल बहाव बढऩे के कारण इस नदी के किनारे वाले क्षेत्रों में चौकसी बढ़ा दी गयी है और लोग  को सुरक्षित स्थानों पर भेजे गये हैं। राष्ट्रीय राजधानी में कई जगह बारिश का पानी भरने से लोगों की दिक्कतें बढ़ गयीं।<br/>
कई घंटों से मूसलाधार बारिश के कारण यमुना में जलस्तर खतरे के निशान को पार कर गया है। सरकार ने नदी किनारे निचले इलाकों में रहने वाले लोग सुरक्षित स्थानों पर पहुंचाये हैं। कल  शाम यमुना का जलस्तर 204.83 मीटर स्थित खतरे के निशान को पार गया। यमुना अब खतरे के निशान से 11 सेमी. ऊपर बह रही है। राजधानी के पूर्वी भाग के कुछ निचले इलाकों में रहने वाले लोग सुरक्षित जगहों पर पहुुंचाये गये हैं।<br/>
उधर, मौसम विभाग ने पश्चिमोत्तर क्षेत्र में अगले चौबीस घंटों के दौरान कुछ स्थानों पर भारी वर्षा की भविष्यवाणी की है। चंडीगढ़ में कल रात भारी वर्षा हुई जिससे निचले इलाकों में जलभराव की समस्या खड़ी हो गयी। कई इलाकों में बिजली गुल हो गयी तथा कई कालोनियों में पानी घारों तक आ गया। चौराहों पर घुटनों पानी खड़ा हो गया जिससे लोगों को परेशानी का सामना करना पड़ा। शहर में कुल 86.9मिलीमीटर बारिश हुई।    आने वाले कुछ घंटों में हरियाणा में अधिकांश स्थानों पर औसत की तुलना में भारी वर्षा होने के आसार हैं। पंजाब में अनेक स्थानों भारी वर्षा की संभावना है।   हरियाणा में बैराज से पानी छोडे जाने तथा हिमाचल तथा<br/>
शिवालिक पहाडियों में हुई बारिश के कारण यमुना, टांगरी, मारकंडा, रूण और बेगना नदियों के जल स्तर में कोई सुधार नहीं हुआ है। यमुना में सोनीपत तथा दिल्ली में बाढ़ की-सी स्थिति बनी हुई है। अधिकारियों ने स्थिति से निपटने के लिये सभी आवश्यक तैयारी पूरी कर ली है। यमुना के आसपास तथा निचले इलाकों में रह रहे लोगों को सुरक्षित स्थानों पर पहुंचाया गया है।<br/>
हरियाणा में व्यापक वर्षा हुई है। अंबाला में 6.5 मिलीमीटर, हिसार 3.5 मिमी, गुडगांव 12 मिमी, नारनौल 14 मिमी, रोहतक 5.6 मिमी, भिवानी 14 मिमी, कालका 20मिमी, पंचकूला 15 मिमी, मोरनी 15 तथा कई अन्य स्थानों वर्षा हुई तथा राज्य में घने बादल छाये हुये है।<br/>
पंजाब में नंगल डैम (60.4 मिमी), शाहपुर कंडी (29.6 मिमी), रोपड़ (43<br/>
मिमी), गुरदासपुर जिले में जमकर वर्षा हुई। रंजीत सागर डैम (58.4 मिमी) और आर एल 1700 में (25 मिमी) वर्षा हुई।<br/>
हिमाचल में भुंतर (1.2 मिमी), शिमला (25.9 मिमी), सुंदरनगर (9.9 मिमी), कल्पा (6.4मिमी), पंडोह (4.0 मिमी), रामपुर (13.2 मिमी), सुन्नी (30.5 मिमी), कसोल (71 मिमी), सुजानपुर में 12 मिमी वर्षा हुई।<br/>
उत्तराखण्ड में भारी वर्षा के चलते नदियों का जलस्तर बढऩे के कारण टिहरी बांध लबालब भरने लगा है। बांध ने अब तक का सबसे अधिक बिजली उत्पादन का रिकार्ड भी कायम कर लिया है।<br/>
टिहरी जल विद्युत विकास निगम के आला अधिकारी के अनुसार एशिया का इस सबसे बड़ा कृत्रिम जलाशय का जलस्तर 816.5 मीटर से उूपर चला गया है। और इसकी 820 मीटर तक भरे जाने की सीमा जल्दी ही आने वाली है। इससे प्रतिदिन 200 क्यूसेक्स पानी छोड़ा जा रहा है। गंगा में इतना अतिरिक्त पानी छोडऩे से मैदानी इलाकों मे बाढ़ की स्थिति उत्पन्न हो सकती है।</p>]","[<span class=""clock""> Posted On August - 22 - 2010</span>]",Dainik Tribune
3,"[<p style=""text-align: justify;"">
</p>, <p class=""wp-caption-text"" id=""caption-attachment-134436"">चंडीगढ़ में शनिवार को जमकर हुई बरसात से जहां लोगों को मौसम ठंडा होने से राहत मिली वहीं जगह-जगह पानी इकट्ठा होने से आनेजाने वालों को भारी परेशानी भी हुई।     - दैनिक ट्रिब्यून</p>, <p>चंडीगढ़,  31जुलाई (निस)।  शहर और आसपास के इलाकों में आज सुबह हुई झमाझम बारिश से जनजीवन प्रभावित हुआ। भारी वर्षा होने से शहर की कई सड़कों पर पानी भरने से यातायात बाधित हुआ और इससे जाम  की समस्या से लोगों को दो चार होना पड़ा। शहर के अधिकतर चौराहों पर पानी जमा होने से  जाम लग गया । पानी इतना ज्यादा था कि दो पहिया वाहन चालकों के वाहन ही पानी में  बंद  होने पर उन्हें घसीटकर  मैकेनिक तक ले जाना पड़ा। वहीं कुछ कारें भी पानी में बंद हो गईं और देखते ही देखते जाम लग गए। वहीं निचले इलाकों में  जलभराव हो गया।  मौसम विभाग के अधिकारियों के अनुसार आज पंजाब, हरियाणा ओर हिमाचल प्रदेश के कुछ इलाकों में भारी वर्षा हुई। भारी वर्षा के कारण तापमान में भी गिरावट आई है। यही नहीं कई दिनों से उमस से परेशान लोगों ने वर्षा होने पर कुछ राहत ली।<br/>
चंडीगढ़ में आज 27 एमएम वर्षा रिकार्ड की गई। इस वर्षा के दौरान शहर का तापमान 5 डिग्री कम हो गया, जो कल 35 उिग्री सेल्सियस था वह आज 30 डिग्री रह गया। बरसात के कारण हर चौराहे पर तैनात ट्रैफिक पुलिस कर्मियों को यातायात  को सुचारू  रूप से निकालने में भारी मशक्त करनी पड़ी। कुछ  चौराहों पर ट्रैफिक लाइट न होने से लोगों को घंटों जाम  में फंसे रहे। यही नहीं आज पिकाडली चौक पर एक एंबूलेंस जो मरीज को लिए सायरन मारती रही लेकिन किसी ने  इसकी ओर ध्यान नहीें दिया और आधे  घंटे तक  जाम में फंसी रही।<br/>
इसके बाद उक्त एंबूलेंस  किसान भवन चौक पर फिर जाम में फंस गई। अगर 27 एमएम वर्षा होने पर सड़कों पर जलभराव जैसी स्थिति पैदा होगी तो दो दिन लगातार बारिश होती रही तो शहर का क्या हाल होगा, यह तो प्रशासन और निगम को सोचना होगा। मौसम विभाग के अनुसार अगले 24 घंटों के दौरान आसमान पर बादल छाए रहेंगे और एक दो स्थानों पर भारी बरसात होने की संभावना है। इसके अलावा पंजाब  के कुछ स्थानों में अगले 48 घंटों के  दौरान भारी वर्षा होने की चेतावनी दी गई है। विभाग के अनुसार आज सबसे ज्यादा वर्षा नाहन में रिकार्ड की गई। नाहन में 162.2 एमएम वर्षा हुई। वैसे तो आज पूरे उत्तर भारत में वर्षा हुई।</p>]","[<span class=""clock""> Posted On August - 1 - 2010</span>]",Dainik Tribune
4,"[<p style=""text-align: justify;"">संगरूर, 22 अगस्त(निस)। उत्तरी भारत में हो रही भारी बारिश, मौसम विभाग की ओर से दी गई चेतावनी तथा हरियाणा की टांगरी नदी के उफान ने घग्गर दरिया के पास पड़ते गांवों के किसानों की फसलों में दोबारा बाढ़ आने का खतरा मंडराने लगा है। किसानों के दिल की धड़कनें बढ़ गई हैं, क्योंकि एक बार वह गत माह बाढ़ का संताप झेल चुके हैं व उनका हजारों रुपए का खर्च धान की फसल को दोबारा लगवाने पर आया है। घग्गर दरिया पर खनौरी में लगे मापदंड के अनुसार पानी का स्तर 738 के लगभग पहुंच चुका है व सुबह दस बजे से एक घंटे में आधे से एक फुट पानी बढ़ रहा है। मारकंडा हरियाणा व टांगरी नदी से छोड़ा गया पानी अभी पहुंचना शेष है।  उधर, नंगल डैम में पानी खतरे के निशान के पास पहुंचने वाला है, अगर डैम का पानी छोड़ा जाता है तो मिलकर भारी तबाही मचा सकता है।  मूनक क्षेत्र के गांव थेडी, बुसैहरा, नया गांव, होतीपुर, चांदू, सलेमगढ़, सुर्जनभैणी, हमीरगढ़, भूंदड़भैणी, कड़ैल, मकोरड़, हांडा, कुदनी, घसूरघाट, गुरुनानकपुरा आदि गांवों की जमीनों का स्तर नीचा होने के कारण सबसे पहले पानी की चपेट में आती हैं। क्षेत्र के किसानों ने संभावी बाढ़ के खतरे को देखते हुए इससे निपटने के लिए खाली थैले, बांध मजबूत करने तथा किश्तियों का प्रबंध करने की मांग की है।</p>]","[<span class=""clock""> Posted On August - 23 - 2010</span>]",Dainik Tribune
5,"[<p style=""text-align: justify;"">बुढलाडा, 24 सितंबर (एस)।  बाढ़ प्रभावित तहसील सरदूलगढ़ के गांव भगवानपुर हीगणा, रणजीतगढ़ बांदरां, मीरपुर कला, मीरपुर खुर्द, सरदूलेवाला, भूंदड़, काहनेवाला, लोहगढ, रोड़की, आहलुवालिया, हीरके, फूस मंडी, साधु वाला, सरदूलगढ़, बरन, झंडा खुर्द, टिब्बी हरी सिंह, फतेहपुर व मछोहर उर्फ मोढा तथा तहसील बुढ़लाडा के गांव गोरखनाथ में जिन किसानों की फसल बाढ़ से प्रभावित हुई है, को मुआवजा देने संबंधी डीसी कुमार राहुल ने बताया कि 2 करोड़ 67 लाख 84 हजार 444 रुपये की राशि स्टेट बजट पंजाब सरकार द्वारा प्राप्त हो चुकी है।<br/>
मुआवजे की रकम देने के लिए एक बार फिर अधिकारी संबंधित गांवों का 27 सितंबर को सुबह दस बजे से पांच बजे तक दौरा करेंगे तथा बाकी बचे किसान मुआवजे की रकम प्राप्त कर सकते है।</p>]","[<span class=""clock""> Posted On September - 25 - 2010</span>]",Dainik Tribune
6,"[<p style=""text-align: justify;""><em><strong>रवि पाठक</strong></em></p>, <p class=""wp-caption-text"" id=""caption-attachment-353710"">कपूरथला में दरिया ब्यास के टापूनुमा गांव में पानी भरने के कारण  इसमें फंसे बच्चे बाहर आते हुए।</p>, <p>कपूरथला, 20 अगस्त । सूबा की गठबंधन सरकार विकास की राह पर है, लेकिन इसी बीच वित्त मंत्री डा. उपिन्द्रजीत कौर के विधानसभा क्षेत्र सुल्तानपुर लोधी के अंतर्गत आते अनेक गांवों के किसानों को चार दशकों से की गई अनदेखी ने बाढ़ के चलते बर्बादी के कगार पर ला खड़ा किया है। पहाड़ी इलाकों में हो रही निरंतर बारिश के चलते दरिया ब्यास में बाढ़ जैसे मंजर ने किसानों का हाल बेहाल किया हुआ है और जिले में बाढ़ के चलते 40 हजार एकड़ फसल खराब हो गई है,जिसमें पानी 8 फुट तक चल रहा है। दरिया ब्यास में बड़े जल स्तर से ताजा सूरते हाल को जानने हेतु जांच में पाया गया कि पानी दरिया ब्यास में एक लाख क्यूसिक से ऊपर बह रहा है। दरिया ब्यास के टापूनुमा गांव बाऊपुर, सांगरा सहित दर्जनों गांवों में करीब 25 हजार एकड़ भूमि ब्यास के उफान की चपेट में आ चुकी है,वही बेगोवाल,नडाला,ढिलवा के दर्जनों गांवों में 15 हजार एकड में फसल खराब हो गई है।<br/>
दरिया ब्यास का जल स्तर में तीव्रता से वृद्धि का होना खतरे की घंटी की और संकेत कर रहा है। पौंग डैम से निरंतर पानी छोड़ा जाना दरिया बयास के उफान का मुख्य कारण है। सुल्तानपुर लोधी मंड धुस्सी बांध के भीतर  क्षेत्रों की 25 हजार एकड़ फसल तबाह हो गई है। चार दिनों से बाढ़ के पानी में जलमग्न धान की फसल बर्बाद हो गई है। गांव चुलधा सरपंच बूटा सिंह,सुखविंदर सिंह चूहड़पुर,दलजीत सिंह सरपंच छन्ना शेर सिंह ने बताया कि बांध नं.2 जो वर्ष 2000 में बंधा था के भीतर फसलें जल समाधि ले चुकी है। पल पल मंजर खौफजदा बनता हुआ नजर आ रहा है, बाढ़ के पानी ने लोगों के घरों में दस्तक दे दी है। इससे लोगों में डर घर कर गया है। लिहाजा लोगों ने घर का सामान मवेशियों सहित साथ लेकर घरों से पलायन करना शुरू कर धुस्सी बंाध पर डेरा लगाया है। गांव बाऊपुर से पस्सण कदीम की सड़कों के ऊपर से बाढ़ का पानी गुजर रहा है। तरनतारन की ओर बांध के 6-7 किलोमीटर चौड़े क्षेत्र में पानी ही पानी नजर आ रहा है। बांध के साथ तो कई स्थानों पर 8 फुट ऊंचा पानी बहता नजर आया बाढ़ की स्थिति को भांपते प्रशासन के हाथ पांव फूल गए हंै। लिहाजा एसडीएम लखमीर सिंह सहित प्रशासनिक अधिकारियों ने भी सतर्कता का प्रयोग करते हुए लोगों से संपर्क साधना शुरू कर दिया है। वेटरनरी विभाग और स्वास्थ्य विभाग की टीमों ने ऐबुलैंस वेन सहित मंड क्षेत्र के प्रभावित क्षेत्र की ओर कूच करना प्रारंभ कर दिया है। पस्सण कदीम सरपंच जीत सिंह, बलबीर सिंह, गुरप्रीत सिंह, जसपाल सिंह, नरेश कुमार आदि का कहना है कि बांध में आई दरारों के भरने हेतु लोगों ने कमाल संभाल रखी है।<br/>
उन्होंने बताया कि फसल के बचाव हेतु लोगों द्वारा लगाए अस्थायी बांध को बाढ़ का पानी बहा ले गया है। आहली कलां सरपंच कश्मीर सिंह आहली खुर्द, सरपंच नंबरदार हरबंस सिंह आदि का कहना है कि बाढ़ से दर्जनों गांवों की 25 हजार एकड़ भूमि की फसल बर्बाद हो गई है।  वही मंड इलाके गांव बाऊपुर के सरपंच सलविंदर सिंह,सरपंच गांव सांगरा के कुलदीप सिंह,नंबरदार सुरिंदर सिंह आदि ने बताया कि दरिया ब्यास के जलस्तर में निरंतर इजाफा हो रहा है और खतरे के बादल सिर पर मंडरा रहे है।</p>]","[<span class=""clock""> Posted On August - 21 - 2011</span>]",Dainik Tribune
7,"[<p style=""text-align: justify;"">चंडीगढ़, 23 अगस्त (वार्ता)। पौंग तथा भाखडा बांधों से बाढ़ की आशंका के चलते छोड़ गये पानी ने पंजाब में सतलुज तथा ब्यास नदियों के निचले तथा तटवर्ती इलाकों में तबाही मचायी और कल शाम बाढ़ के पानी में एक बालक बह गया।<br/>
सतजुल तथा ब्यास का पानी सैकड़ों गांवों में घुस गया है तथा धुस्सी बंध में आई दरार के कारण हजारों एकड़ में धान की फसल नष्ट हो गयी। सुल्तानपुर लोधी के चक पट्टी बालू बहादुर गांव का एक चौदह वर्षीय लड़का गिरदावर ङ्क्षसह कल बाढ के पानी में बह गया। उसके शव को बड़ी मुश्किल से तलाश किया। हालांकि मंड इलाके में ब्यास नदी का पानी अब घटने लगा है। आज एक फुट तक पानी घटा है।<br/>
एसडीएम लखमीर ङ्क्षसह ने कहा है कि  सुल्तानपुर लोधी इलाके के बाजा गांव में ग्रामीण तथा मजदूर दरार को पाटने में लगे हैं। काम युद्ध स्तर पर जारी है।<br/>
उधर हिमाचल में बारिश कम होने से सतलुज तथा ब्यास नदियों का जल स्तर घट रहा है तथा रोहतांग पास पर भूस्खलन के कारण मनाली -लेह मार्ग अवरूद्ध रहा। राहनी नाला के पास सैकड़ों पर्यटक तथा स्थनीय लोग फंसे हुये हैं। सीमा सड़क संगठन के कर्मचारी रास्ता साफ करने के काम में जुटे हैं। मौसम कार्यालय के अनुसार अगले चौबीस घंटों के दौरान हरियाणा में औसत की तुलना में भरी वर्षा होने तथा पंजाब ओर हिमचल में कुछ स्थानों वर्षा होने की संभावना है। हरियाणा में कहीं-कहीं भारी वर्षा की चेतावनी दी गई है।<br/>
धर्मशाला में 44 मिलीमीटर, खेरी 37 मिमी, जोगिन्दरनगर 10 मिमी, चंबा के सलोनी में नौ मिमी, रामपुर सात मिमी, शिमला 0.5 मिमी, सुदरनगर 0.4 मिमी, गुलेर 14 मिमी, रंजीत सागर बांध सर्वाधिक 160 मिमी, शाहपुर कंडी 22 मिमी, कालका 35 मिमी वर्षा हुई।<br/>
बांधों का जलस्तर बढऩे से सतलुज तथा ब्यास नदियों में पानी छोडऩे के कारण पंजाब में यह स्थिति बनी है। ब्यास नदी में पौंग, नौशहरा, मिरथल तथा ढिलवां और सतलुज नदी में हरिके तथा हुसैनीवाला से पानी छोड़ा गया है। पौंग का आज जल स्तर 1385.80 फुट, भाखडा में 1668.91 फुट और रंजीत सागर बांध में जल स्तर 519.53 मीटर रिकार्ड किया गया। क्षेत्र में वर्षा न होने से आज उमस तथा गर्मी रही और न्यूनतम तापमान26 से 29 डिग्री के बीच रहा।</p>]","[<span class=""clock""> Posted On August - 24 - 2011</span>]",Dainik Tribune
8,"[<p style=""text-align: justify;"">कपूरथला, 4 अगस्त (निस)। पहाड़ों में हो रही बरसात से दरिया ब्यास का जलस्तर तेजी से बढऩे लगा है। ऐसे आलम में सुल्तानपुर लोधी में दरिया ब्यास अपने से सटे क्षेत्रों के किसानों को दर्द देने लगा है। दरिया में आई ताजा बाढ़ के चलते किसानों द्वारा बांधे गए अस्थायी बांधों ने टूटना शुरू कर दिया है। जिसके चलते गांवों और डेरों के इर्द-गिर्द जल भराव की स्थिति पैदा हो रही है और लोगों को घरों से निकलने में दिक्कतें पेश आ रही हैं।<br/>
किसान संघर्ष कमेटी पंजाब के कनवीनर कंवलप्रीत सिंह पन्नू ने सुल्तानपुर लोधी के मंड क्षेत्र के दरिया ब्यास से बाढ़ प्रभावित गांवों के दौरे के बाद पंजाब सरकार से मांग की है कि बाढ़ प्रभावित क्षेत्र के लोगों की सुध ली जाए और फसलों के बचाव हेतु जरूरी कदम उठाए जाएं। इसी प्रकार कपूरथला के नेता परमजीत सिंह बाऊपुर और कुलदीप सिंह सांगरा ने मंड क्षेत्र का दौरा करने के बाद बताया कि टापूनुमा क्षेत्र के करीब 19 गांवों की फसलें जलमग्न होकर बर्बाद हो गई है। उन्होंने बताया कि गत दिनों से दरिया का जलस्तर निरंतर बढ़ रहा है।<br/>
उधर गांव भैणी कादर बख्श, भैणी बहादर, रामपुर गौरा, महम्मदबाद, बाऊपुर जदीद, बाऊपुर कदीम, मिड्डेवाल, सांगरा, मंड मुबारकपुर, मंड गुजरपुर, मुबारकपुर, भीम कदीम, बंधू कदीम, मंड बंधू कदीम, अकालपुर, किशनपुर घड़का, मंड करमूवाल, सिल्ले आदि से संबंधित गांव निवासियों के अनुसार यदि दरिया ब्यास के पानी को आगे रिलीज करने हेतु प्रशासन ने उचित कदम नहीं उठाए तो ब्यास दरिया कभी भी रौद्र रूप धारण कर विनाश की लीला कर सकता है। गांव निवासियों के अनुसार उनकी सैकड़ों एकड़ भूमि पर बिजी गई धान आदि की फसलें दरिया के पानी में जल समाधि लेकर बर्बाद हो चुकी हैं। पानी ने डेरों और अन्य घरों का घेरा डाल रखा है, जिससे लोगों में खौफ का आलम पाया जा रहा है। किसान नेताओं का कहना है कि हरीके हैडवक्र्स से पानी ठीक ढंग से रिलीज नहीं होने के चलते पहले कपूरथला और जालंधर जिलों की फसलें बर्बाद होती हंै और बाद में अचानक पानी छोड़े जाने से फिरोजपुर और आसपास के क्षेत्रों के मंड क्षेत्र के किसान प्रभावित होते हंै। उन्होंने बताया कि गत कई दिनों से इन क्षेत्रों में भारी जलभराव के चलते अध्यापक, विद्यार्थियों को स्कूल जाने हेतु भारी दिक्कतें आ रही हैं। विद्यार्थियों को नाव से स्कूल में पहुंचना पड़ रहा है। उन्होंने आरोप लगाया कि गत दिनों से इन गांवों में जलभराव होने के बावजूद एक भी अधिकारी ने लोगों की सुध नहीं ली है।</p>]","[<span class=""clock""> Posted On August - 4 - 2013</span>]",Dainik Tribune
9,"[<p class=""wp-caption-text"" id=""caption-attachment-551086"">सुल्तानपुर लोधी में दरिया ब्यास के उफान पर आने से खेतों में आई बाढ़ से डूबी फसल।</p>, <p style=""text-align: justify;"">कपूरथला, 6 अगस्त (निस)। दरिया ब्यास के जल स्तर में कमी होने के बावजूद दरिया से सटे टापूनुमा क्षेत्र बाऊपुर के करीब डेढ़ दर्जन गांवों की करीब 5000 एकड़ भूमि में जलभराव की स्थिति नजर आ रही है। ऐसा दरिया ब्यास में आई बाढ़ के चलते हुआ था, लेकिन प्रशासन बाद में आखिर हरकत में आया और अधिकारी प्रभावित क्षेत्र के लोगों की सुध लेने पहुंच ही गए।<br/>
मंगलवार को एसडीएम कुलदीप सिंह चंदी के नेतृत्व में प्रशासनिक अधिकारियों ने प्रभावित गांवों का दौरा कर लोगों की समस्याओं को जाना,जहां लोगों ने प्रशासनिक अधिकारियों के आगे समस्याओं के अंबार लगा डाले। बता दें कि दरिया ब्यास से सटा पूरा क्षेत्र बाढ़ की चपेट में है और करीब 19 गांवों की भूमि की विभिन्न फसलें जल समाधि चुकी हैं। जिसके बर्बाद होने की प्रबल संभावनाएं जताई जा रही हैं।<br/>
एसडीएम कुलदीप सिंह चंदी ने बताया कि प्रशासन हर स्थिति से निपटने हेतु पूरी तरह से सक्षम है। उन्होंने बताया कि जल भराव उन्हीं क्षेत्रों में हुआ है जोकि दरिया के बेहद करीब थे,उन्होंने बताया कि दरिया के जल स्तर में कमी आ रही है,इसलिए खतरें की कोई बात नहीं लेकिन फिर भी वह स्थिति पर पूरी तरह से नजर रखेंगे और किसी को भी कोई समस्या दरपेश नहीं आने दी जाएगी। उन्होंने बताया कि वह गांव बाऊपुर से सांगरा तक पूरे क्षेत्र का दौरा कर स्थिति की जानकारी हासिल कर चुके हैं खतरे की कोई बात नही है।<br/>
दूसरी ओर किसान संघर्ष कमेटी प्रधान परमजीत सिंह, सुखचैन सिंह, कुलवंत सिंह, कुलदीप सिंह, दिलबाग सिंह, अवतार सिंह, मल्ल सिंह शिंदा सहित बड़ी संख्या में प्रभावित किसानों ने बताया कि दरिया ब्यास में बाढ़ के चलते खड़ी दान,पशु चारा आदि फसलों को पूरी तरह से बर्बाद कर चुका है जिसके चलते संबंधित किसानों को भारी आर्थिक क्षति का सामना करना पड़ेगा। उन्होंने बताया कि क्षेत्र में मात्र एक ही सरकारी स्कूल हर बार इन्हीं दिनों में पानी से घिर जाता है। ऐसे आलम में विद्यार्थियों और अध्यापकों को गुरुद्वारा साहिब की शरण में जाना पड़ता है। उन्होंने कहा कि सुरक्षा की दृष्टि से दरिया पर बनाया गया पलटून पुल भी हटा दिया जाता है। ऐसे आलम में सैकड़ों लोग देश दुनिया से कट जाते हैं। उन्होंने बताया कि जरूरतों की पूर्ति हेतु लोगों की जान जोखिम में डालकर नावों के जरिए दरिया के उस पार जाना पड़ रहा है,पशु चारा भी भारी किल्लत होने से भी उनको भारी दिक्कतें दरपेश आ रही है। उन्होंने सरकार से मांग की है कि किसानों की बर्बाद हुई फसलों की उचित मुआवजा दिया जाए और पशु चारे हेतु सहायता प्रदान की जाए। इसके साथ ही सरकारी स्कूल को जल भराव की स्थिति से निजात दिलाने की ओर विशेष ध्यान दिया जाए।</p>]","[<span class=""clock""> Posted On August - 6 - 2013</span>]",Dainik Tribune
10,"[<p style=""text-align: justify;"">कपूरथला,12 अगस्त (निस)। पौंग डैम से दरिया ब्यास में छोड़ा जा रहा पानी क्षेत्र के किसानों के लिए आफत बना हुआ है। भुलत्थ सब डिवीजन में रविवार देर रात्रि मंड क्षेत्र में बाढ़ के पानी का स्तर काफी बढ़ गया और सोमवार सुबह पानी ने किसानों की फसलों को नष्ट कर दिया। डीसी कपूरथला के दावे थे कि बाढग़्रस्त इलाकों में प्रशासन द्वारा हर तरह के पुख्ता प्रबंध किए गए हैं और बाढ़ से प्रभावित लोगों को मेडिकल सुविधा, पशुओं के लिए चारा तथा लोगों को राशन-पानी दिया जाएगा, लेकिन कोई भी अधिकारी बाढ़ पीडि़तों को नहीं मिला। किसान अपने परिवार व पशुओं सहित धुस्सी बांध पर खुले आसमान के नीचे डेरा लगाए बैठे हैं।<br/>
सुल्तानपुर सब डिवीजन के अंतर्गत गांव रामपुर गोरा के भीतर स्थिति बेहद नाजुक बनी हुई है। क्षेत्र के करीब 22 गांवों पर भी संकट के बादल मंडराने लगे हैं। गांव रामपुर गोरा में बाढ़ से किसान जोगिंदर सिंह का घर रविवार को बाढ़ में बह गया। इसके अलावा किसान हीरा सिंह, मक्खन सिंह, रेशम सिंह, बख्शीश सिंह आदि के घरों की नाजुक स्थिति है। लोग खुद राहत और बचाव कार्यो में जुटे हुए हैं। लोगों को नावों द्वारा सुरक्षित स्थानों पर पहुंचाया जा रहा है। जोगिंदर सिंह का कहना है कि यदि प्रशासन ने समय रहते कोई कार्रवाई की होती तो आज उनका नुकसान नहीं होता। बाढ़ से टापूनुमा क्षेत्र बाऊपुर, सांगरा, रामपुर गोरा सहित करीब 22 गांवों की हजारों एकड़ भूमि की फसल नष्ट हो चुकी है।<br/>
बाढ़ और बढ़ते जलस्तर से एडवांस धुस्सी बांध के लिए भारी खतरा पैदा हो गया है। ऐसे में यदि प्रशासन समय रहते बांध के कमजोर हिस्सों की मरम्मत कराने हेतु नाकाम रहा तो सब डिवीजन सुल्तानपुर लोधी का अधिकांश हिस्सा बाढ़ की चपेट में आ सकता है। फूले भारती लोक पार्टी के राष्ट्रीय अध्यक्ष मंजीत सिंह मत्तेवाल का कहना है कि प्रशासन द्वारा बाढ़ की स्थिति से निपटने हेतु गत लंबे अर्से से भारी चूक की गयी है, जिसका परिणाम हमारे सामने है। सब डिवीजन के भीतर गांव बाजा अमृतपुर से लेकर आहली कलां तक, खुर्द तक, मंड बाऊपुर और सांगरा क्षेत्रों के अनेक गांवों की करीब 40 हजार एकड़ भूमि की फसलें बर्बाद हो चुकी हैं। बाढ़ के पानी की वजह से लोगों को चमड़ी रोग होने लगे हैं और पैरों के गलने की शिकायतें प्राप्त हो रही हैं। ऐसी ही स्थिति मवेशियों की भी बताई जा रही है। उन्होंने सरकार से मांग की कि बांध की सुरक्षा हेतु उचित कदम उठाए जाएं और प्रभावित क्षेत्रों में 30 नावों के साथ तिरपाल, खाने-पीने का सामान सहित पशु चारे का जल्द प्रबंध किया जाए व किसानों को मुआवजा राशि दा जाए। एस.डी.एम. कुलदीप सिंह चंदी का कहना है कि वह स्थिति की जानकारी के लिए प्रभावित क्षेत्रों का दौरा कर रहे हैं।</p>]","[<span class=""clock""> Posted On August - 12 - 2013</span>]",Dainik Tribune
11,"[<p style=""text-align: justify;"">लुधियाना, 6 अगस्त (निस)। दो घंटे से ज्यादा हुई मूसलाधार बारिश ने आज पंजाब के सबसे बड़े इस शहर में बाढ़ सी स्थिति पैदा कर दी। शहर के सभी बाजारों और सड़कों पर पानी खड़ा हुआ था।<br/>
इस प्रतिनिधि ने बारिश में घूमते हुए देखा कि दोमोरिया पुल तो पुराने और नये शहर की सीमा बना हुआ था। उसके साथ से निकल कर जाने वाले गंदे नाले के पानी का बहाव इतना तेज था कि पुल के नीचे कम से कम तीन फुट पानी जमा था। सीवरेज के होल सड़क पर पानी रोकने की बजाये पानी बाहर फेंक रहे थे, जिससे गंदगी और बदबूदार गंदा पानी सड़कों पर घूमता हुआ दिखाई दे रहा था। क्योंकि लगभग सुबह दस बजे बारिश पूरे यौवन पर थी, परिणामस्वरूप बारिश और सीवरेज चोक होने से हर तरफ सड़कों पर सैकड़ों वाहन पानी में फंसे हुए थे, जिससे लोगों को अपने कार्यालयों और कारखानों इत्यादि में जाने में कठिनाई हो रही थी।<br/>
कई लोग भारी बारिश में अपनी मंजिल पर पहुंचने के लिए बुढ्ढा नाला के किनारे निर्मित सड़क पर अपने वाहनों में चले गये। लेकिन न्यू कुंदनपुरी के निकट रेलवे पुल के नीचे इतना ज्यादा पानी खड़ा हुआ था कि उसको पार करने का कोई भी हौंसला नहीं बटोर पा रहा था। यह सड़क जो शहर के बाहरी क्षेत्र से निकल कर जाती है, पर भी इंजन में पानी भर जाने से करीब एक सौ कारें, दो पहिया वाहन वहां खराब हुए खड़े थे।<br/>
स्थानीय मिनी सचिवालय जिसमें जिलाधीश सहित राज्य सरकार के सभी विभागों के जिला प्रमुखों के कार्यालय हैं, के निचले भाग में इकत्रित हुए बारिश के पानी में कई दस्तावेज तैरते हुए दिख रहे थे।<br/>
जगरांव पुल पार करते ही विश्वकर्मा चौक से शेरपुर तक सड़क की बजाये नदी दिख रही थी। इस सड़क पर कहीं भी चार फुट से कम पानी नहीं था।<br/>
लुधियाना नगर निगम के मुख्य कार्यालय के साथ लगने वाली माता रानी रोड पर आया पानी शायद ही वहां सड़क किनारे बनी कोई दुकान होगी, जिसमें पानी न दाखिल हुआ हो। उल्लेखनीय है कि इस सड़क पर इलैक्ट्रानिक्स की दुकानें मुख्य हैं। प्रमुख व्यापारी नेता श्री अमृत अग्रवाल ने शहर में हुई इस दुर्दशा के लिए लुधियाना नगर निगम की कुव्यवस्था एवं गलत प्लानिंग को जिम्मेवदार ठहराया।<br/>
इसके अतिरिक्त चौड़ा बाजार, साबुन बाजार, गुडमंडी, सराफा बाजार, तालाब बाजार में भी बाढ़ के दृश्य नजर आ रहे थे। समराला चौक से चीमा चौक तक बारिश के पानी का इतना जमाव था कि छोटे वाहन तो एक तरफ बाहर से आने वाली बसें भी पानी के बीच खराब हुई खड़ी थीं।<br/>
बारिश के कारण शहर की सभी सड़कों पर वाहनों की लम्बी कतारें लगी हुई थीं। भारी वर्षा से स्कूली बच्चों और उनके अभिभावकों को भी काफी परेशानी का सामना करना पड़ा क्योंकि उनको स्कूल ले जाने वाले और वापिस घर लाने वाले वाहन भी घंटों सड़कों पर जाम और बारिश के पानी में फंसे रहे।</p>]","[<span class=""clock""> Posted On August - 6 - 2013</span>]",Dainik Tribune
12,"[<p class=""wp-caption-text"" id=""caption-attachment-552930"">सुलतानपुर लोधी में बाढ़ से प्रभावित घर का मंजर।</p>, <p style=""text-align: justify;"">कपूरथला, 13 अगस्त (निस)।  दरिया ब्यास में आई बाढ़ ने मंड क्षेत्र के गांव रामपुर गोरा सहित अन्य दर्जनों गांवों पर कहर बरपा कर अब अपना रुख सुल्तानपुर लोधी शहर की ओर करना शुरू कर दिया है।<br/>
दरिया में लगी ढाह के चलते दरिया का पानी अब पवित्र काली बेर्इं में चला आया है। जिसके चलते सोमवार की देर रात्रि 10 बजे तक पवित्र काली बेर्इं में भी बाढ़ आ गई है और बेर्इं के पानी ने उछलकर सुल्तानपुर लोधी शहर की ओर लगते इलाके में फैलना शुरू कर दिया है। बेईं से आई बाढ़ का पानी सोमवार की रात्रि 10 बजे सुल्तानपुर लोधी के मुख्य बस अड्डे के सामने पूर्व वित्तमंत्री डा.उपिंदरजीत कौर की कोठी के पीछे और सड़क तक आ पहुंचा है। मंगलवार सुबह शहर की सड़कों पर काली बेईं से आया पानी दो-दो फुट आ पहुंचा है । ऐसे आलम में शहर निवासी खौफजदा नजर आने लगे है। शहर की सड़कों पर काली बेईं से आया पानी दो-दो फुट आ पहुंचा है और पानी बढऩे की संभावना है,जिससे सुल्तानपुर लोधी के लोग चिंतित नजर आ रहे हैं। वहीं दूसरी तरफ सुल्तानपुर लोधी के समीप लगते गांव रामपुर गोरा में स्थिति बेहद विस्फोटक बनी हुई है। बावजूद इसके क्षेत्र के दौरे हेतु पहुंची उच्चाधिकारी की टीम का एक भी सदस्य उपरोक्त क्षेत्र में नहीं पहुंचने से क्षेत्र निवासियों में भारी रोष पाया जा रहा है।<br/>
इस बार भी लोगों की वहीं शिकायत कि उन तक अधिकारियों के दौरे की सूचना नहीं पहुंचने से वह अपनी शिकायतें और पीड़ा उनके समक्ष रखने से वंचित रह गए हैं। किसान संघर्ष कमेटी के प्रमुख कंवलजीत सिंह पन्नू,बसपा नेता राम लाल महै आदि ने आरोप लगाया कि अधिकारी बाढ़ प्रभावित क्षेत्रों के दौरे को गुप्त रख रहे हैं, जिसके चलते अधिकांश पीडि़त परिवार अपना दर्द अधिकारियों के आगे बयान नहीं पा रहे हैं। कंवलजीत सिंह पन्नू ने कहा कि अधिकारियों की कार्रवाई कुछ चुनिंदा जगह पर जाकर महज फोटो खिचवाने तक ही सीमित है।</p>]","[<span class=""clock""> Posted On August - 13 - 2013</span>]",Dainik Tribune
13,"[<p style=""text-align: justify;""><strong>लुधियाना, 2 जुलाई (निस)</strong></p>, <p class=""wp-caption-text"" id=""caption-attachment-805139"">लुधियाना में शनिवार को भारी बारिश के चलते फिरोजपुर रोड पर जमा पानी । -हिमांशु महाजन</p>, <p style=""text-align: justify;"">मानसून की अाज हुई पहली बारिश ने तापमान में गिरावट करके लोगों को भारी राहत तो दी लेकिन पंजाब के इस सबसे बड़े अौद्योिगक शहर में बाढ़ जैसी स्िथति भी पैदा कर दी। करीब पांच घंटे हुई मूसलाधार बािरश के कारण शहर के अधिकांश व्यापारिक एवं अाबादी वाले क्षेत्रों की सड़कों व गलियों में दो से तीन फुट तक पानी जमा हो गया।<br/>
न्यू माधोपुरी, उपकार नगर, न्यू जैन कालोनी, अब्दुल्लापुरी, माडल टाउन, चन्द्र नगर, समराला रोड पर स्थित कालोिनयों के घरों में पानी घुसा हुअा था, िजससे लोगों को काफी असुिवधा का सामना करना पड़ा।<br/>
मौसम विभाग द्वारा कई सप्ताह पहले भारी बािरश की भविष्यवाणी किये जाने के बावजूद लुधियाना नगर निगम के हालात से निपटने के सारे दावे खोखले निकले। सारे  शहर में सीवरेज व्यवस्था पूरी तरह ठप पड़ी थी।<br/>
भारी बारिश के कारण शहर के कई भागों में िबजली बंद होने के कारण नगर निगम की जलापूर्ति व्यवस्था भी लड़खड़ा गई। लुधियाना के प्रमुख कांग्रेसी नेता  सुरेश गोयल ने कहा कि लुधियाना नगर निगम के बारिश से निपटने के दावे झूठे निकले। उन्होंने सिटी मेयर हरचरण सिंह गोहलबढ़िया से त्यागपत्र देने की मांग भी की।<br/>
भारी बािरश के चलते शहर के किनारे बनी सैकड़ों कालोनियों के निवासी परेशान रहे, क्योंकि नाले में पानी का बहाव तेज हो रहा था।<br/>
विश्वकर्मा चौक से ढोलेवाल चौक तक, घंटाघर से रखी सिनेमा, खालसा कालेज रोड, घुमार मंडी, चीमा चौक से समराला चौक, जोधेवाल चौक से राहों रोड चुंगी तक, प्रीत पैलेस रोड, गिल रोड, दोमोरिपा पुल रोड, दयानंद अस्पताल रोड पर सैकड़ों दो-पहिया व अन्य मोटर वाहन वहां सड़कों पर खड़े हुए पानी में फंसे हुए थे। मौसम विभाग के अनुसार अाज लुधियाना में 73.22 मिलिमीटर बािरश हुई।<br/>
इस बीच,  कल अामरण अनशन पर बैठे  अधिवक्ताओं में से एक महिला एडवोकेट की हालत खराब होने पर उन्हें अस्पताल पहुंचाया गया लेकिन आवश्यक उपचार के बाद आज यह महिला एडवोकेट फिर अनशन पर बैठ गईं।</p>, <p><strong> ब्यास उफान पर, राफ्टिंग पर प्रतिबंध</strong><br/>
<strong>शिमला (निस) :</strong> पहाड़ों पर तेजी से पिघल रही बर्फ और मॉनसून के लगातार सक्रिय रहने के चलते हिमाचल प्रदेश की प्रमुख नदियों में से एक ब्यास अपने पूरे उफान पर है। नदी के जलस्तर में लगातार हो रही बढ़ोतरी के दृष्टिगत कुल्लू जिला प्रशासन ने ब्यास में राफ्टिंग पर प्रतिबंध लगा दिया है। कुल्लू के जिलाधीश हंसराज चौहान के मुताबिक यह प्रतिबंध आज से लागू हो गया है और आगामी आदेशों तक जारी रहेगा। जिला प्रशासन ने प्रतिबंध को प्रभावी रूप से लागू करने के लिए पुलिस की निगरानी भी बढ़ा दी है। आज जारी आदेशों में जिला प्रशासन ने रिवर राफ्टिंग आप्रेटरों से भी अपील की है कि वे इन आदेशों के पालन में सहयोग करें और यदि कोई इन आदेशों की अवहेलना करता पाया जाता है तो उसके खिलाफ कड़ी कार्रवाई होगी। इस बीच जिला प्रशासन ने पर्यटकों से भी अपील की है कि वे ब्यास नदी सहित अन्य सहायक नदियों से दूर रहें। जिला प्रशासन ने नदी-नालों के किनारे झुग्गी झोपड़ियों को भी हटाने के निर्देश दिए हैं।</p>]","[<span class=""clock""> Posted On July - 2 - 2016</span>]",Dainik Tribune
14,"[<p class=""wp-caption-text"" id=""caption-attachment-911032"">असम के बाढ़ग्रस्त मोरीगांव में बारिश थमने पर खुले में खाना बनातीं महिला। – प्रेट्र</p>, <p style=""text-align: justify;""><strong>नयी दिल्ली (एजेंसियां) :</strong> भारी बारिश और नेपाल से छोड़े पानी के कारण 9 राज्य बाढ़ की चपेट में हैं। 100 लोगों के मारे जाने की भी खबर है। बिहार और पूर्वी यूपी में हालात ज्यादा खराब हैं। एनडीआरएफ ने बुधवार को 4 अतिरिक्त दल बठिंडा (पंजाब) से पटना के लिये एयरलिफ्ट कराये। बिहार, असम, यूपी, पश्चिम बंगाल, हिमाचल प्रदेश, अरुणाचल प्रदेश, गुजरात, राजस्थान और त्रिपुरा के आपदा प्रभावित इलाकों में एनडीआरएफ की 113 टीमें तैनात की गई हैं। अभियान के दौरान बाढ़ में फंसे करीब 3000 लोगों को बचाने के साथ 37000 लोगों को सुरक्षित स्थानों पर पहुंचाया है। बिहार में एनडीआरएफ ने 27 दल तैनात किये हैं, जबकि असम में 18 और उत्तर प्रदेश में 11 दलों को राहत और बचाव कार्य में लगाया गया है। बाढ़ चौकियों में डॉक्टर एवं मेडिकल टीम तैनात करने के आदेश भी दिये गये हैं। मौसम विभाग ने इस सप्ताह बारिश होने की संभावना जतायी है। केंद्र सरकार ने बाढ़ प्रभावित इलाकों के लिए हर संभव मदद के निर्देश दिए हैं।</p>]","[<span class=""clock""> Posted On August - 16 - 2017</span>]",Dainik Tribune
15,"[<p></p>, <p>Rescue work was on in Punjab's Mansa district on Wednesday where several acres of agricultural land were inundated and many villages submerged as water overflowed from the Ghaggar river.</p>, <p>“The flood situation is grim in Sardulgarh area. Nearly 25 villages are flooded and most of the residents have been shifted to safe locations. We are working all day and night to control the situation and to prevent further flooding of other low-lying areas,"" Mansa Deputy Commissioner Kumar Rahul told <i>IANS.</i></p>, <p>Besides civic officials, army and paramilitary troopers were also helping in the relief operations.</p>, <p>“Around 200 houses and standing crops on nearly 5,000 acres have been damaged in the floods. We have made all arrangements to provide packed food and water to the flood victims. So far there has been no loss of life due to floods in Mansa,” he said.</p>, <p>According to official figures, crops on 271,784 acres have been damaged in districts of Patiala, Sangrur, Mohali, Ludhiana, Fatehgarh Sahib, Moga and Mansa.</p>, <p>In the neighbouring state of Haryana, flood situation was grim in Sirsa district.</p>, <p>“Army officials are working to plug the breaches in Ghaggar river that led to flooding in Sirsa. Over 10,000 acres of agricultural land submerged in three to four feet water and nearly one dozen villages are affected due to this. We hope that situation will be under control by this evening,” said a senior official of the Sirsa administration here.</p>, <p>Ambala, Kurukshetra, Kaithal, Sirsa and Fatehabad districts were badly affected by floods over the last few days.</p>, <p>As many as 33 people have lost their lives in floods in Punjab and Haryana. <br/></p>, <p><span class=""text-dt"">First Published:
									Jul 14, 2010 13:07 IST</span></p>]","[<span class=""text-dt"">Updated: Jul 14, 2010 15:42 IST</span>, <span class=""text-dt"">First Published:
									Jul 14, 2010 13:07 IST</span>]",Hindustan Times
16,"[<p></p>, <p>Flood threat is looming large over the areas situated in catchment area of Ghaggar river due to incessant showers in past three days. </p>, <p>The monsoon rivulets are flowing in full spate, putting the district and villager administrations on tenterhooks.</p>, <p>Even as the administration has issued a red alert, the officials have urged the villagers to not panic as the situation is under control.</p>, <p>The water-level near Sarhala head of the Ghaggar river, crossing through Patiala district, has been measured at 9-ft, and the danger level is marked at 16-ft. The water levels in Ghaggar have risen to 15-ft near Dharamheri village.</p>, <p><b>‘No reason to panic’ </b></p>, <p>Deputy commissioner (DC) Kumar Amit said that the water levels rose after the Chandigarh administration opened the floodgates of the Sukhna lake. “The situation is under control. The water levels are below the danger levels,” he said.</p>, <p>“We are keeping a close tab on the weather conditions so that immediate preventive measures can be taken,” the DC said. </p>, <p>He appealed to the district populace to remain vigilant and not to believe in any rumours that are making rounds in the social media.</p>, <p>The DC, along with a battery of senior officials of the drainage department, toured the areas near Ghaggar, Jacob drain, Chambo Chao, and Patiala drain (Vaddi Nadi) to take stock of the situation.</p>, <p>Ghaggar passes through Samana, Devigarh, Sanaur and Ghanaur of Patiala district. And these were the worst hit areas, witnessing loss of property and life, due to floods in the river in 1988, 1993 and 2010.</p>, <p>Officials said that water levels at Samana and Patran are low but are expected to rise by Tuesday morning. Kishangarh, Kharabgarh, Bhunerheri, Ghanaur, Dharmheri, Lachu Kalan, Lachu Khurd, Mehmoodpur, Saran Kalan, Dakala Gherora and other villages situated next to Ghaggar are risk prone.</p>, <p>The Patiala drain is flowing below 9-ft below the danger mark. The water flow in Jacob drain, which flows through the main city, is 2-ft below danger-level.</p>, <p><b>Rapid response teams formed </b></p>, <p>The district administration has set up 24-hour flood control units at the district headquarter, and flood control rooms have been constituted in all sub-divisions.</p>, <p>The health department has identified 178 flood-prone villages and at least 10 rapid response teams have been established at six block primary health centres at the civil hospitals in Nabha, Samana and Rajpura.</p>, <p>Civil surgeon Dr Manjit Singh said 69 medical teams are prepared to operate medical camps in case of flood. He said that 10 rapid response teams have been provided with ambulance and they will provide round-the-clock services.</p>, <p>“Medicines, fluids, anti-venom injections, ORS, chlorine tablets, insecticides and larvicides are being stocked up at all health institutions,” he added. He said that district epidemiologist Dr Gurmeet Singh has been appointed as the nodal officer of the district control room.</p>, <p><b>Farmers worried </b></p>, <p>The incessant showers in the past three days pose threat of excessive damage to the paddy crop, which is largely in the last stage of maturation.</p>, <p>Many reports of crop being submerged in knee-deep water and flattening of fields are pouring in from across district.</p>, <p>Chief agriculture officer (CAO) Arvinder Singh said that heavy rain at this stage will have an adverse effect on crop health.</p>, <p>“Farmers are hoping for no more rain. They should not panic and make immediate arrangements to drain out accumulated water from their fields,” the CAO said.</p>, <p>Meanwhile, Bhartiya Kisan Union (Dakaunda) activist Darshan Singh said the farmers are facing huge financial losses and the state government should ordered girdawaris to assess the loss. “State should initiate steps to compensate the farmers, immediately,” he said.</p>, <p><b>Waterlogging, traffic chaos </b></p>, <p>Heavy rain since over 72 hours has left almost all roads in the Royal City inundated, causing a flood-like situation on Monday. Traffic on the Sangrur-Chandigarh bypass remained affected after a portion of the flyover, near Dakala, caved in. Traffic was diverted for safety of the commuters.</p>, <p>Sensing gravity of the situation, the district administration has issued orders to shut all schools till September 25.</p>, <p>The meteorological (MeT) department recorded at least 245mm rainfall in the past three days, including 86mm on Monday. The department has predicted more showers in the coming days.</p>, <p>The municipal corporation (MC), Patiala, seemed helpless in controlling waterlogging. Markets, residential areas and city roads were flooded with around 3-ft water. Water entered not just in the low-lying areas but also in residential colonies situated outside the walled city.</p>, <p>School children and office-goers were the worst affected as they had to wade through knee-deep water to reach their respective destinations. The commercial areas wore a deserted look and many shopkeepers chose to keep their shops shut.</p>, <p>Patiala Mayor Sanjeev Sharma Bittu said that teams of the drainage department are using pumping machines to drain out the waterlogged streets. “We managed to act swiftly and have deployed our teams, to keep a tab on the situation,” he said.</p>, <p><b>Rain throws life out of gear in Nabha </b></p>, <p>Heavy rain in the past three days and poor drainage system caused trouble for the Nabha residents. Traders could not open their shops due to waterlogging across city. Similar was the condition of residential areas.</p>, <p>Even the high-lying roads, including College Ground road, Cinema road and others, remained flooded. These areas do not usually get waterlogged.</p>, <p>Students, whose semester examinations are on, complained that the order to shut schools on Monday came in quite late. The school officials said that they faced a lot of difficulties in ensuring safe return the students, after the DC suddenly ordered to shut schools due to adverse weather predictions.</p>, <p>Dilapidated roads added to the woes and many accidents were reported. People were seen struggling to make way through Kotwali Road, Cinema road, Cantt road, PPS road, etc. “Most schools are located in these areas. Even in the past, many children have been injured while travelling through these roads,” said Akash Singla, a local.</p>, <p>“It seems that the city has been abandoned by the government, despite being a constituency of cabinet minister Sadhu Singh Dharamsot,” said Vishal Sharma, member of Bharatiya Janta Yuva Morcha. “Even the garbage has not been cleared in the past three days. It is floating in the rain water and is entering houses, exposing people to diseases,” he added.</p>, <p>Advocate Yogesh Khatri, former lawyer on panel of municipality, said there are over 900 cases of encroachments whose orders of eviction have been done by the court of deputy director (local bodies).</p>, <p>“Most encroachments are on 10-15 feet drains, that are meant for discharge of rainwater, causing waterlogging. But the municipality continues to be in a slumber as many Congress leaders are occupying these drains,” he added. A municipality official, pleading anonymity, said that there was a big drain — from Model Colony to Ghulad mandi colony— responsible for disposing off half of the city’s rainwater. But over 70% of it is encroached due to which, it is impossible to clean it.</p>, <p>“Similar is the situation of a nullah passing through Hathi Khana Colony and Dulladdi Gate. Waterlogging issue can be solved after at least 50% of the drain is evacuated,” he added.</p>, <p>Municipal council president Rajnish Mittal said that their employees are constantly on toes to serve the residents, despite non-stop rain. “First phase of an evacuation drive will start soon. Sensitive areas have been identified and will be evacuated on priority-basis,” he said.</p>, <p><i><b>(With inputs from Mohit Singla)</b></i></p>, <p><span class=""text-dt"">First Published:
									Sep 25, 2018 10:25 IST</span></p>]","[<span class=""text-dt"">Updated: Sep 25, 2018 10:25 IST</span>, <span class=""text-dt"">First Published:
									Sep 25, 2018 10:25 IST</span>]",Hindustan Times
17,"[<p></p>, <p>A central team will visit the three districts of Punjab on July 20 for two days to assess the damage caused by the floods.</p>, <p>Chief Secretary of Punjab SC Aggarwal told reporters here that the central team will visit Sardulgarh in Bathinda district, Moonak in Sangrur district and assess the loss in Patiala district.</p>, <p>Regarding loss of crop, he said over 3.25 lakh acres of land have been submerged in the floods in the three districts.</p>, <p>Agrawal said that there was fear of epidemic of flood-related diseases but government would provide potable water, sufficient quantity of chlorine tablets besides freshly-cooked food to flood victims.</p>, <p>He issued instructions to provide relief to every affected farmer and family within 7 days and asked Deputy Commissioners to personally monitor relief disbursement.</p>, <p>Asked about a permanent solution to flood, he said the feasibility of bigger projects to regulate flow flood waters is being worked out.</p>, <p>He, however, admitted the state government did not release grant according to the requirement for the cleaning of rain water drains.</p>, <p><span class=""text-dt"">First Published:
									Jul 16, 2010 21:56 IST</span></p>]","[<span class=""text-dt"">Updated: Jul 16, 2010 21:58 IST</span>, <span class=""text-dt"">First Published:
									Jul 16, 2010 21:56 IST</span>]",Hindustan Times
18,"[<p></p>, <p>The Punjab Government on Thursday approved amendment of instructions on relief to farmers for crop losses due to incessant and torrential rains.</p>, <p>The decision was taken at a meeting of the State Cabinet presided over by the Chief Minister Parkash Singh Badal.</p>, <p>Many areas in Punjab including Patiala and Mansa districts were swamped by the recent floods. ""It was mandatory to amend these instructions in view of the loss caused to a farmer which varied from Rs 13,000 to Rs 28,000 per acre,"" read a recent official release about the Cabinet decision.</p>, <p>According to the amended instructions, crop damage relief was Rs 5,000 per acre for losses exceeding 75 per cent, Rs 3,000 per acre for losses between 50-75 per cent and Rs 2,000 per acre for losses between 25-50 per cent.</p>, <p>The relief would be provided irrespective of the maturity stage of the crop and whether the area can be re-sown or not, said the press release. The same would be extended to all farmers without any condition of small and marginal farmers, it added.</p>, <p>The upper area limit would also not be applicable on this relief, it further said.</p>, <p><span class=""text-dt"">First Published:
									Jul 29, 2010 16:16 IST</span></p>]","[<span class=""text-dt"">Updated: Jul 29, 2010 16:19 IST</span>, <span class=""text-dt"">First Published:
									Jul 29, 2010 16:16 IST</span>]",Hindustan Times
19,"[<p></p>, <p>Bhakra Beas Management Board (BBMB) alerts Punjab about possible floods in the coming days due to heavy snowmelt and rains in hills and encroachments along Satluj and Beas.</p>, <p><span class=""text-dt"">First Published:
									Jul 10, 2013 13:35 IST</span></p>]","[<span class=""text-dt"">Updated: Jul 10, 2013 13:44 IST</span>, <span class=""text-dt"">First Published:
									Jul 10, 2013 13:35 IST</span>]",Hindustan Times
20,"[<p></p>, <p>As heavy rains left the city waterlogged on Thursday, chief parliamentary secretary (CPS) Dr Navjot Kaur Sidhu took a jibe at the deputy chief minister Sukhbir Singh Badal and posted pictures of waterlogged roads with vehicles stuck on them on Facebook. Her post read ‘Pilot project of Sukhbir Badal-Floating Cars without petrol’.</p>, <p>The pictures revealed shameful civic conditions of the city that is getting worse due to the ambitious BRTS (Bus Rapid Transit System) project started two years ago by the deputy CM.</p>, <p>Here is her Facebook post:</p>, <p>The holy city is under construction due to various ongoing development works, multiplying the woes for the people.</p>, <p>City residents expressed their unhappiness about the hassles they are being put through by the government during the ongoing BRTS project. Jaswinder Kaur, a student who commutes from the walled city to Amritsar, said, “Only time will tell how fruitful is BRTS project is but as far as the construction period is concerned, we are extremely upset with the way things have been approached.”</p>, <p>With roads dug-up all around the city, it has led to sewerage woes, waterlogging and traffic bottlenecks besides making roads accident prone.</p>, <p>Now, the three-hour heavy rainfall on Thursday left the city inundated and the residents inconvenienced. The two-wheeler riders were spotted pushing their vehicles in knee-deep water. Many vehicles also broke down while plying on the water-filled roads.</p>, <p>Rishab Jain, a baker, said, “I have been in this city since a few years now and there has not been seen any change in the civic conditions here. It seems the MC is turning a blind eye to the residents’ problems. During rains, the city turns into a pool and authorities are sleeping.”</p>, <p>Moreover, the Amritsar municipal corporation (MC) has also failed to react to this long pending problem. The MC has also not ensured that the desilting is done properly in every part of the city, especially before the rainy season.</p>, <p>During the general house meeting, the MC had passed the resolution of allocating Rs 12.10 crore for the project of sanitation and de-silting sewerage and drains, so that these drains could incorporate the rain water. </p>, <p><b>SUPER-SUCKER MACHINES A FAILURE</b></p>, <p>Even though the MC has put on job super-sucker machines to clean the sewerage after mayor Bakshi Ram Arora had claimed that people of Amritsar will see a change with these machines, but that too seems to be not working as desired as the sewers remain choked.</p>, <p><span class=""text-dt"">First Published:
									Aug 12, 2016 15:47 IST</span></p>]","[<span class=""text-dt"">Updated: Aug 12, 2016 15:48 IST</span>, <span class=""text-dt"">First Published:
									Aug 12, 2016 15:47 IST</span>]",Hindustan Times
21,"[<p>The project of relining of the twin canals-Rajasthan and Sirhind feeders-suggested by the Planning Commission three years ago as a step to curbing the problem of waterlogging in southwest Punjab finally seems to be taking shape.</p>, <p>The Union ministry of water resources (MoWR) has cleared a Rs 1,976 crore project (Rs 1,305 crore for the Rajasthan feeder and Rs 671 crore for the Sirhind feeder), which is awaiting clearance from the Union cabinet after which the funds are expected to be sanctioned. The project has already got technical clearance from Central Water Commission (CWC). The canals have never been repaired since they were built over 50 years ago, causing seepage leading to waterlogging.</p>, <p>“We are hopeful that the project will start soon,” said a senior engineer from the canals wing of the state irrigation department.</p>, <p>The Planning Commission in a report had said, “Comprehensive assessment of waterlogging in southwest Punjab by Central Groundwater Board shows that one of the major causes of waterlogging in Muktsar, Faridkot and Ferozepur districts is the continuous seepage from Rajasthan and Sirhind feeder canals. To reduce seepage of water from the canals and watercourse, the lining of the irrigation network is imperative.”</p>, <p>About 100 kilometres in length, the two canals pass though the waterlogged area for about 80 km in three districts of Punjab. About 118 square kilometres of area is waterlogged in Punjab, over 60 square kilometres in Muktsar district alone.</p>, <p><b>Renovation project for Sutlej-fed canals</b></p>, <p>A Rs 918 crore project of extension, renovation and modernisation of four canals being fed by the Sutlej was approved by the ministry. These canals are Bathinda, Abohar, Bist Doab and Sidhwan branches. The state government has procured a Rs 50 crore loan from National Bank for Agriculture Research and Development for the Bist-Doab canal and the work of relining has begun. Though a project cost of Rs 918 crore has been approved by the CWC for the remaining three canals, so far there is no allocation of funds from the central ministry.</p>, <p>Chief minister Parkash Singh Badal had approached Union minister for water resources Uma Bharti for funds and the state government is planning to raise long-term loans from financial institutions. </p>, <p><b>UBDC project with CWC</b></p>, <p>A Rs 1,375 crore project of rehabilitation, modernisation and renovation of various distributaries and minors, along with allied works of Upper Bari Doab Canal, is under the consideration of the CWC for technical approval. These works are to be carried in Tarn Taran, Pathankot, Amritsar and Gurdaspur districts.</p>, <p><span class=""text-dt"">First Published:
									Dec 31, 2015 23:11 IST</span></p>]","[<span class=""text-dt"">Updated: Dec 31, 2015 23:14 IST</span>, <span class=""text-dt"">First Published:
									Dec 31, 2015 23:11 IST</span>]",Hindustan Times
22,"लुधियाना में सतलुज किनारे 70 फुट की दरार, 75 गांवों को खतरा, सेना की मदद मांगी
कपूरथला में चार हजार एकड़ फसल डूबी
करनाल ज़िले में यमुना नदी किनारे कटाव शुरू, ग्रामीणों में दहशत
भाखड़ा से 63 हजार क्य...",2010-08-26T00:44:52+05:30,Dainik Tribune
23,"<div class=""image-caption-text caption"" id=""desc"" itemprop=""articleBody"">
बठिंडा शहर की गणपति कॉलोनी के पीछे से गुजरते रजवाहे में 50 फीट दरार पड़ने से साईं नगर के करीब 200 घरों में दो से तीन फुट तक  पानी भर गया। साथ ही किसानों की कई एकड़ बीजी कपास की फसल बर्बाद हो गई। 
</div>","[<span class=""auther-time"">ब्यूरो/अमर उजाला, बठिंडा(पंजाब), Updated Sat, 27 May 2017 09:18 AM IST</span>]",Amar Ujala
24,"<h1 title=""सीमा पर बाढ़, बीएसएफ चौकी का संपर्क देश से कटा"">सीमा पर बाढ़, बीएसएफ चौकी का संपर्क देश से कटा</h1>","[<div class=""authdesc"">
<span>पठानकोट/ब्यूरो</span>
Updated Sat, 03 Aug 2013 12:01 AM IST
</div>]",Amar Ujala
25,"<h1 title=""सतलुज उफनाई, चार गांवों से पलायन शुरू"">सतलुज उफनाई, चार गांवों से पलायन शुरू</h1>","[<div class=""authdesc"">
<span>ब्यूरो/अमर उजाला, मोगा</span>
Updated Mon, 20 Jul 2015 10:03 PM IST
</div>]",Amar Ujala
26,"<h1 title=""बाढ़ के पानी में डूब कर किसान की मौत"">बाढ़ के पानी में डूब कर किसान की मौत</h1>","[<div class=""authdesc"">
<span>ब्यूरो/अमर उजाला, (फिरोजपुर/मक्खू)</span>
Updated Tue, 18 Aug 2015 10:29 PM IST
</div>]",Amar Ujala
27,पंजाब में बाढ़ का कहर | NDTV.com Video | पंजाब के कई जिले इन दिनों बाढ़ की चपेट में हैं। बांधों से छोड़े गए पानी से नदियों में जल स्तर बहुत बढ़ गया है।,"Mon, 19 Aug 2013 21:14:42 +0530",NDTV
28,"पंजाब : सतलुज नदी उफान पर, कई गांवों में घुसा पानी | NDTV.com Video | पंजाब के फाजिल्का में सतलुज नदी के जलस्तर में लगातार बढ़ोतरी हो रही है, जिस वजह से नदी के किनारे बसे गांवों में पानी भरना शुरू हो गया है और करीब 1200 एकड़ की फसल बर्बाद हो गई है।","Mon, 12 Aug 2013 10:59:31 +0530",NDTV
29,"भाखड़ा डैम से छोड़ा गया पानी, मोगा के कई गांवों में पानी घुसा | NDTV.com Video | भाखड़ा डैम से पानी छोड़े जाने से सतलुज नदी का स्तर बढ़ गया है। इसकी वजह से मोगा के कई गांवों में पानी भर गया है और फसलें तबाह हो गई हैं।","Thu, 23 Jul 2015 08:49:40 +0530",NDTV
30,बाढ़ में बह गई भारत-पाक सीमाएं... | NDTV.com Video | पंजाब की सतलुज नदी में बाढ़ के कारण भारत-पाक सीमा पर लगी बाड़ को खासा नुकसान पहुंचा है। अब इसे कोई भी आराम से पार कर सकता है।,"Sat, 28 Aug 2010 11:54:04 +0530",NDTV
31,"14 perish as flood wreaks havoc in Punjab | NDTV.com Video | Punjab is reeling under one of its worst floods in 20 years, 14 people have died in the last three days as incessant rain and rising water levels in rivers and dams have hit nine districts in the state. Jalandhar, Ferozepur, Moga, Bhatinda, Sangroor and Ropar have been the worst-affected where more than 200 villages have been evacuated so far.","Mon, 18 Aug 2008 21:00:01 +0530",NDTV
32,"[<div class=""ins_storybody"" id=""ins_storybody"" itemprop=""articleBody""><b class=""place_cont"">Chandigarh: </b>                            Nearly a dozen villages in Punjab's Ropar district were flooded as the overflowing Satluj river breached its banks near Laudipur village, officials said Monday.<br/><br/>More water was released from the Bhakra Dam reservoir Sunday as its spillways were opened to maintain the water level in the reservoir, officials of the Bhakra Beas Management Board (BBMB) said. But this led to the flooding and several acres of agriculture land was also inundated in Ropar, some 45 km from here. <br/><br/>Officials in Ropar said villagers were being rescued from the affected areas in the Anandpur Sahib sub-division. <br/><br/>""Our rescue operation is on and we are working day and night to plug the breach that emerged a few days back in Laudipur village. Our officials have made all safety arrangements and they are closely monitoring the situation,"" Ropar Deputy Commissioner AS Miglani said.<br/><br/>The affected villages include Laudipur, Burj, Hariwal, Mataur, Chandpur, Mehndi Kalan, Kalyanpur, Badhal, Nikkuwal and Ballowal.<br/><br/>The Bhakra Dam's spillways were opened to the height of two feet after the water level reached 1,680-feet, the maximum storage mark in the dam reservoir. <br/><br/><div id=""checked"" style=""display: none""><div id=""adslotNativeVideo"" style=""text-align:center; padding-bottom:20px;""><script>googletag.cmd.push(function() { googletag.display(""adslotNativeVideo""); });</script></div></div>BBMB officials said that they would continue releasing water through spillways, depending on the inflow of water from the catchment area. <br/><br/>""We will continue releasing excess water so that we can maintain the level of 1,680 feet till September 10. On Sunday, we had released around 12,000 cusecs of water; we can increase or decrease the quantity of water released depending on the inflow,"" BBMB joint director VP Sharma said. <br/><br/>The Bharka Dam is located in Himachal Pradesh, along the Punjab-Himachal Pradesh border, about 130 km from Chandigarh. <br/><br/>Earlier, the BBMB released excess water into the Satluj by opening its spillways from August 21 to 27. Release of water in the Satluj posed a threat of floods to the low-lying areas of Ropar district and the Sikh holy towns of Anandpur Sahib and Kiratpur Sahib. <br/><br/><a class=""showFilePanel"" href=""javascript:void(0);""><div class=""comment_story""><span><em class=""ndtv-detailp-comments-count""></em></span></div></a><div class=""comments_slide dismiss""><div class=""comments_close""><a href=""javascript:void(0);"" id=""closeFilePanel""></a></div><iframe allowtransparency=""true"" frameborder=""0"" height=""98%"" id=""ndtvSocialCommentFormRhs"" name=""ndtvSocialCommentForm"" scrolling=""no"" src=""https://social.ndtv.com/static/Comment/Widget/?&amp;key=ae42a4f016dd1fdd208110a097b061a4&amp;link=https%3A%2F%2Fwww.ndtv.com%2Fcities%2Fsatluj-floods-dozen-villages-in-punjabs-ropar-430230&amp;title=Satluj+floods+dozen+villages+in+Punjab%27s+Ropar&amp;ctype=story-news&amp;identifier=story-news-430230&amp;enableCommentsSubscription=1&amp;ver=1&amp;reply=1&amp;sorted_by=newest&amp;template=slide&amp;layout=rhs"" width=""320px""></iframe></div><br/><br/><p class=""static_txt"">Get <a href=""https://www.ndtv.com/india"">Breaking news</a>, live coverage, and Latest <a href=""https://www.ndtv.com/"">News</a> from India and around the world on NDTV.com. Catch all the Live TV action on NDTV 24x7 and <a href=""https://khabar.ndtv.com/videos/live/channel/ndtvindia"">NDTV India</a>. Like us on <a href=""https://www.facebook.com/ndtv"">Facebook</a> or follow us on <a href=""https://twitter.com/ndtv"">Twitter</a> and <a href=""https://www.instagram.com/ndtv/"">Instagram</a> for <a href=""https://www.ndtv.com/latest"">latest news</a> and <a href=""https://www.ndtv.com/video/live/channel/ndtv24x7"">live news</a> updates.</p></div>]",2010-09-06T17:05:59+05:30,NDTV
33,"<div class=""_3WlLe clearfix"">AMRITSAR: Heavy rain lashed Amritsar on Tuesday. The worst sufferers were the people living in low-lying areas, students and daily commuters, who had to wade through knee-deep mixture of rain and gutter water that had submerged most roads in the walled city as well as in Civil Line areas. This is reported to be the first biggest downpour in Amritsar in the current monsoon season. <br/> Severely affected areas were Town Hall, Taylor Road, MMM Road and parts of Mall Road. Rainwater entered several residential colonies as well. Heavy rain disrupted bus traffic and a couple of flights were rescheduled. Tuesday's rain also laid bare the hefty claims of municipal corporation of draining out rainwater as all systems appeared to have failed with residents complaining of sewerage mixing with rainwater spreading reek in several areas. <br/></div>","<div class=""_3Mkg- byline"">TNN | Updated: Aug 7, 2013, 6:32 IST</div>",TOI
34,"<div class=""_3WlLe clearfix"">FEROZEPUR: With water levels in Sutlej river rising, several low-lying areas have been inundated in Ferozepur and Fazilka districts, leaving many locals homeless and crop in acres of agricultural land damaged. <br/> Due to continued release of water into <a class="""" data-ga=""within_article-topic_link|topic_http://timesofindia.indiatimes.com/topic/the-river"" href=""http://timesofindia.indiatimes.com/topic/the-river"" styleobj=""[object Object]"">the river</a> from Bhakra, causing the river to swell, several villages located near the embankments of the river have got completely submerged. ""With water levels in the river increasing, the flood waters reached our village and completely damaged our fields,"" said Shinder Singh, a resident of Tendiwala village near the Indo-Pak border. <br/> Residents said they expected the government to help them and blamed it for not doing enough. ""Standing crop in thousands of acres of land has been destroyed. We request the administration to offer whatever compensation they can to people whose houses have collapsed,"" said Shinder Singh. ""We, the flood victims, are even deprived of basic amenities like medicines and fodder for cattle,"" said another victim, Mangal Singh of the same village. <br/> While hundreds of farmers have vacated their homes for safer places, many others are reportedly trapped inside their houses, surrounded by flood waters. Farmers belonging to the villages marooned by Sutlej criticized the state government for its failure in providing relief material. They claimed that relief material is being provided to sarpanches of the affected areas, who reportedly distribute the same among their choicest farmers. Those who are not in their favoured list have not been given anything, they alleged. <br/> In Ferozepur, over 50,000 acres of farm area has been submerged, affecting around 50 villages. Affected villages like Nihale Lavera, Muthianwala, Jhuge Nihangwali. Gatti Rajjoke, Tindiwala, Bhakhra, Gatti Kharunj, Sunder Bhatti, Kaluwala Palla Megha, Bandala, Ruknewala, Kamalewala, Behak Ratto Ke and Talli Gulam have become cut off from rest of the district, sources said. <br/> In Fazilka district, over 15 villages and 20,000 acres of land have been affected by floods. The villages included Maujam, Dona Nanka, Ghurka and Haskalan while Mohar Jamsher has been completely cut off from the main land. Several schools in these districts have also been closed due to the floods, they said. <br/> The district administration in Ferozepur has called National Disaster Response Force (NDRF) to launch flood relief operations on Tuesday, who have reportedly shifted nearly 300 people from flood affected areas to relief camps. Officials claimed to have arranged 20 boats to provide relief material, including fodder for cattle, medicines, food and other articles to affected people. <br/> In order to supervise the flood relief measures, V K Sharma, commissioner, Ferozepur division and Manjit Singh Narang, deputy commissioner, Ferozepur have visited marooned villages, inspecting the relief works. <br/> Meanwhile, to take stock of <a class="""" data-ga=""within_article-topic_link|topic_http://timesofindia.indiatimes.com/topic/the-situation"" href=""http://timesofindia.indiatimes.com/topic/the-situation"" styleobj=""[object Object]"">the situation</a> and to check the relief measures, chief minister Parkash Singh Badal and irrigation minister Janmeja Singh Sekhon, along with district officials, will visit Dhusi bundh area in Makhu and border villages in Ferozepur on Thursday, sources said. <br/><span class=""strong"">One more drowns</span><br/> Ferozepur: One person reportedly drowned in gushing Sutlej waters while shifting his belongings to safer places at Chak Hamad village of the district on Tuesday. The victim, identified as Pala Singh, reportedly drowned while taking out daily use items from his house. His body was retrieved later with the help of local divers. This is the second death due to floods in Sutlej river, reported in the district. <br/></div>","<div class=""_3Mkg- byline""><span><a href=""https://timesofindia.indiatimes.com/toireporter/author-Dinesh-K-Sharma-3083.cms"" rel=""noopener"" target=""_blank"">Dinesh K Sharma</a></span> | TNN | Updated: Aug 22, 2013, 5:07 IST</div>",TOI
